{"cameraMode":{"drawMode":0,"name":"Shaded","section":"Shading Mode"},"sceneLighting":true,"audioPlay":false,"sceneViewState":{"m_AlwaysRefresh":false,"showFog":true,"showSkybox":true,"showFlares":true,"showImageEffects":true,"showParticleSystems":true,"showVisualEffectGraphs":true,"m_FxEnabled":true},"in2DMode":false,"pivot":{"x":-1.6976535320281983,"y":6.787315368652344,"z":-5.659221649169922},"rotation":{"x":0.008000083267688752,"y":0.9918890595436096,"z":-0.09732810407876969,"w":0.08168487250804901},"size":6.570863723754883,"orthographic":false}