{"cameraMode":{"drawMode":0,"name":"Shaded","section":"Shading Mode"},"sceneLighting":false,"audioPlay":false,"sceneViewState":{"m_AlwaysRefresh":false,"showFog":true,"showSkybox":false,"showFlares":true,"showImageEffects":true,"showParticleSystems":true,"showVisualEffectGraphs":true,"m_FxEnabled":true},"in2DMode":false,"pivot":{"x":-0.009155750274658203,"y":-0.35735607147216799,"z":5.443275451660156},"rotation":{"x":-0.02128300629556179,"y":0.9750996232032776,"z":-0.1929047852754593,"w":-0.10752894729375839},"size":13.653597831726075,"orthographic":false}