{"cameraMode":{"drawMode":0,"name":"Shaded","section":"Shading Mode"},"sceneLighting":false,"audioPlay":false,"sceneViewState":{"m_AlwaysRefresh":false,"showFog":true,"showSkybox":false,"showFlares":true,"showImageEffects":true,"showParticleSystems":true,"showVisualEffectGraphs":true,"m_FxEnabled":true},"in2DMode":false,"pivot":{"x":13.544549942016602,"y":-0.7972626686096191,"z":-6.674001693725586},"rotation":{"x":0.06670717149972916,"y":0.3323095440864563,"z":-0.023580987006425859,"w":0.9405362010002136},"size":16.222126007080079,"orthographic":false}