{"cameraMode":{"drawMode":0,"name":"Shaded","section":"Shading Mode"},"sceneLighting":false,"audioPlay":false,"sceneViewState":{"m_AlwaysRefresh":false,"showFog":true,"showSkybox":false,"showFlares":true,"showImageEffects":true,"showParticleSystems":true,"showVisualEffectGraphs":true,"m_FxEnabled":true},"in2DMode":false,"pivot":{"x":1.8254348039627076,"y":2.926234722137451,"z":3.340749740600586},"rotation":{"x":0.004260782618075609,"y":-0.9826059937477112,"z":0.18428978323936463,"w":0.022713199257850648},"size":8.606356620788575,"orthographic":false}